year,category,nominee,secondarynominee,winner,gender,order
2017,Best Director - Motion Picture,Damien Chazelle,La La Land,TRUE,M,1
2017,Best Director - Motion Picture,Barry Jenkins,Moonlight,FALSE,M,2
2017,Best Director - Motion Picture,Kenneth Lonergan,Manchester by the Sea,FALSE,M,3
2017,Best Director - Motion Picture,Mel Gibson,Hacksaw Ridge,FALSE,M,4
2017,Best Director - Motion Picture,Tom Ford,Nocturnal Animals,FALSE,M,5
2017,Best Original Score - Motion Picture,La La Land,Justin Hurwitz,TRUE,M,6
2017,Best Original Score - Motion Picture,Arrival,JÃƒÂ_hann JÃƒÂ_hannsson,FALSE,M,7
2017,Best Original Score - Motion Picture,Hidden Figures,Hans Zimmer,FALSE,M,8
2017,Best Original Score - Motion Picture,Lion,Dustin O'Halloran,FALSE,M,9
2017,Best Original Score - Motion Picture,Moonlight,Nicholas Britell,FALSE,M,10
2017,Best Original Song - Motion Picture,La La Land,Justin Hurwitz,TRUE,M,11
2017,Best Original Song - Motion Picture,Gold,Danger Mouse,FALSE,M,12
2017,Best Original Song - Motion Picture,Moana,Lin-Manuel Miranda,FALSE,M,13
2017,Best Original Song - Motion Picture,Sing,Ryan Tedder,FALSE,M,14
2017,Best Original Song - Motion Picture,Trolls,Justin Timberlake,FALSE,M,15
2017,Best Screenplay - Motion Picture,La La Land,Damien Chazelle,TRUE,M,16
2017,Best Screenplay - Motion Picture,Hell or High Water,Taylor Sheridan,FALSE,M,17
2017,Best Screenplay - Motion Picture,Manchester by the Sea,Kenneth Lonergan,FALSE,M,18
2017,Best Screenplay - Motion Picture,Moonlight,Barry Jenkins,FALSE,M,19
2017,Best Screenplay - Motion Picture,Nocturnal Animals,Tom Ford,FALSE,M,20
2016,Best Director - Motion Picture,Alejandro G. IÃƒÂ±ÃƒÂ¡rritu,The Revenant,TRUE,M,1
2016,Best Director - Motion Picture,George Miller,Mad Max: Fury Road,FALSE,M,2
2016,Best Director - Motion Picture,Ridley Scott,The Martian,FALSE,M,3
2016,Best Director - Motion Picture,Todd Haynes,Carol,FALSE,M,4
2016,Best Director - Motion Picture,Tom McCarthy,Spotlight,FALSE,M,5
2016,Best Original Score - Motion Picture,The Hateful Eight,Ennio Morricone,TRUE,M,6
2016,Best Original Score - Motion Picture,Carol,Carter Burwell,FALSE,M,7
2016,Best Original Score - Motion Picture,Steve Jobs,Daniel Pemberton,FALSE,M,8
2016,Best Original Score - Motion Picture,The Danish Girl,Alexandre Desplat,FALSE,M,9
2016,Best Original Score - Motion Picture,The Revenant,Ryuichi Sakamoto,FALSE,M,10
2016,Best Original Song - Motion Picture,Spectre,Sam Smith,TRUE,M,11
2016,Best Original Song - Motion Picture,Fifty Shades of Grey,Max Martin,FALSE,M,12
2016,Best Original Song - Motion Picture,Furious 7,Justin Franks,FALSE,M,13
2016,Best Original Song - Motion Picture,Love & Mercy,Brian Wilson,FALSE,M,14
2016,Best Original Song - Motion Picture,Youth,David Lang,FALSE,M,15
2016,Best Screenplay - Motion Picture,Steve Jobs,Aaron Sorkin,TRUE,M,16
2016,Best Screenplay - Motion Picture,Room,Emma Donoghue,FALSE,F,17
2016,Best Screenplay - Motion Picture,Spotlight,Tom McCarthy,FALSE,M,18
2016,Best Screenplay - Motion Picture,The Big Short,Charles Randolph,FALSE,M,19
2016,Best Screenplay - Motion Picture,The Hateful Eight,Quentin Tarantino,FALSE,M,20
2015,Best Director - Motion Picture,Richard Linklater,Boyhood,TRUE,M,1
2015,Best Director - Motion Picture,Alejandro G. IÃƒÂ±ÃƒÂ¡rritu,Birdman or (The Unexpected Virtue of Ignorance),FALSE,M,2
2015,Best Director - Motion Picture,Ava DuVernay,Selma,FALSE,F,3
2015,Best Director - Motion Picture,David Fincher,Gone Girl,FALSE,M,4
2015,Best Director - Motion Picture,Wes Anderson,The Grand Budapest Hotel,FALSE,M,5
2015,Best Original Score - Motion Picture,JÃƒÂ_hann JÃƒÂ_hannsson,The Theory of Everything,TRUE,M,6
2015,Best Original Score - Motion Picture,Alexandre Desplat,The Imitation Game,FALSE,M,7
2015,Best Original Score - Motion Picture,Antonio Sanchez,Birdman or (The Unexpected Virtue of Ignorance),FALSE,M,8
2015,Best Original Score - Motion Picture,Hans Zimmer,Interstellar,FALSE,M,9
2015,Best Original Score - Motion Picture,Trent Reznor,Gone Girl,FALSE,M,10
2015,Best Original Song - Motion Picture,Selma,John Legend,TRUE,M,11
2015,Best Original Song - Motion Picture,Annie,Greg Kurstin,FALSE,M,12
2015,Best Original Song - Motion Picture,Big Eyes,Lana Del Rey,FALSE,F,13
2015,Best Original Song - Motion Picture,Noah,Lenny Kaye,FALSE,M,14
2015,Best Original Song - Motion Picture,The Hunger Games: Mockingjay - Part 1,Joel Little,FALSE,M,15
2015,Best Screenplay - Motion Picture,Birdman or (The Unexpected Virtue of Ignorance),Alejandro G. IÃƒÂ±ÃƒÂ¡rritu,TRUE,M,16
2015,Best Screenplay - Motion Picture,Boyhood,Richard Linklater,FALSE,M,17
2015,Best Screenplay - Motion Picture,Gone Girl,Gillian Flynn,FALSE,F,18
2015,Best Screenplay - Motion Picture,The Grand Budapest Hotel,Wes Anderson,FALSE,M,19
2015,Best Screenplay - Motion Picture,The Imitation Game,Graham Moore,FALSE,M,20
2014,Best Director - Motion Picture,Alfonso CuarÃƒÂ_n,Gravity,TRUE,M,1
2014,Best Director - Motion Picture,Alexander Payne,Nebraska,FALSE,M,2
2014,Best Director - Motion Picture,David O. Russell,American Hustle,FALSE,M,3
2014,Best Director - Motion Picture,Paul Greengrass,Captain Phillips,FALSE,M,4
2014,Best Director - Motion Picture,Steve McQueen,12 Years a Slave,FALSE,M,5
2014,Best Original Score - Motion Picture,All Is Lost,Alex Ebert,TRUE,M,6
2014,Best Original Score - Motion Picture,12 Years a Slave,Hans Zimmer,FALSE,M,7
2014,Best Original Score - Motion Picture,Gravity,Steven Price,FALSE,M,8
2014,Best Original Score - Motion Picture,Mandela: Long Walk to Freedom,Alex Heffes,FALSE,M,9
2014,Best Original Score - Motion Picture,The Book Thief,John Williams,FALSE,M,10
2014,Best Original Song - Motion Picture,Mandela: Long Walk to Freedom,Bono,TRUE,M,11
2014,Best Original Song - Motion Picture,Frozen,Kristen Anderson-Lopez,FALSE,F,12
2014,Best Original Song - Motion Picture,Inside Llewyn Davis,Ed Rush,FALSE,M,13
2014,Best Original Song - Motion Picture,One Chance,Jack Antonoff,FALSE,M,14
2014,Best Original Song - Motion Picture,The Hunger Games: Catching Fire,Chris Martin,FALSE,M,15
2014,Best Screenplay - Motion Picture,Her,Spike Jonze,TRUE,M,16
2014,Best Screenplay - Motion Picture,12 Years a Slave,John Ridley,FALSE,M,17
2014,Best Screenplay - Motion Picture,American Hustle,Eric Warren Singer,FALSE,M,18
2014,Best Screenplay - Motion Picture,Nebraska,Bob Nelson,FALSE,M,19
2014,Best Screenplay - Motion Picture,Philomena,Steve Coogan,FALSE,M,20
2013,Best Director - Motion Picture,Ben Affleck,Argo,TRUE,M,1
2013,Best Director - Motion Picture,Ang Lee,Life of Pi,FALSE,M,2
2013,Best Director - Motion Picture,Kathryn Bigelow,Zero Dark Thirty,FALSE,F,3
2013,Best Director - Motion Picture,Quentin Tarantino,Django Unchained,FALSE,M,4
2013,Best Director - Motion Picture,Steven Spielberg,Lincoln,FALSE,M,5
2013,Best Original Score - Motion Picture,Life of Pi,Mychael Danna,TRUE,M,6
2013,Best Original Score - Motion Picture,Anna Karenina,Dario Marianelli,FALSE,M,7
2013,Best Original Score - Motion Picture,Argo,Alexandre Desplat,FALSE,M,8
2013,Best Original Score - Motion Picture,Cloud Atlas,Reinhold Heil,FALSE,M,9
2013,Best Original Score - Motion Picture,Lincoln,John Williams,FALSE,M,10
2013,Best Original Song - Motion Picture,Skyfall,Adele,TRUE,F,11
2013,Best Original Song - Motion Picture,Act of Valor,Monty Powell,FALSE,M,12
2013,Best Original Song - Motion Picture,Les MisÃƒÂ©rables,Claude-Michel SchÃƒÂ¶nberg,FALSE,M,13
2013,Best Original Song - Motion Picture,Stand Up Guys,Jon Bon Jovi,FALSE,M,14
2013,Best Original Song - Motion Picture,The Hunger Games,Taylor Swift,FALSE,F,15
2013,Best Screenplay - Motion Picture,Django Unchained,Quentin Tarantino,TRUE,M,16
2013,Best Screenplay - Motion Picture,Argo,Chris Terrio,FALSE,M,17
2013,Best Screenplay - Motion Picture,Lincoln,Tony Kushner,FALSE,M,18
2013,Best Screenplay - Motion Picture,Silver Linings Playbook,David O. Russell,FALSE,M,19
2013,Best Screenplay - Motion Picture,Zero Dark Thirty,Mark Boal,FALSE,M,20
2012,Best Director - Motion Picture,Martin Scorsese,Hugo,TRUE,M,1
2012,Best Director - Motion Picture,Alexander Payne,The Descendants,FALSE,M,2
2012,Best Director - Motion Picture,George Clooney,The Ides of March,FALSE,M,3
2012,Best Director - Motion Picture,Michel Hazanavicius,The Artist,FALSE,M,4
2012,Best Director - Motion Picture,Woody Allen,Midnight in Paris,FALSE,M,5
2012,Best Original Score - Motion Picture,The Artist,Ludovic Bource,TRUE,M,6
2012,Best Original Score - Motion Picture,Hugo,Howard Shore,FALSE,M,7
2012,Best Original Score - Motion Picture,The Girl with the Dragon Tattoo,Trent Reznor,FALSE,M,8
2012,Best Original Score - Motion Picture,W.E.,Abel Korzeniowski,FALSE,M,9
2012,Best Original Score - Motion Picture,War Horse,John Williams,FALSE,M,10
2012,Best Original Song - Motion Picture,W.E.,Madonna,TRUE,F,11
2012,Best Original Song - Motion Picture,Albert Nobbs,Brian Byrne,FALSE,M,12
2012,Best Original Song - Motion Picture,Gnomeo & Juliet,Elton John,FALSE,M,13
2012,Best Original Song - Motion Picture,Machine Gun Preacher,Chris Cornell,FALSE,M,14
2012,Best Original Song - Motion Picture,The Help,Thomas Newman,FALSE,M,15
2012,Best Screenplay - Motion Picture,Midnight in Paris,Woody Allen,TRUE,M,16
2012,Best Screenplay - Motion Picture,Moneyball,Aaron Sorkin,FALSE,M,17
2012,Best Screenplay - Motion Picture,The Artist,Michel Hazanavicius,FALSE,M,18
2012,Best Screenplay - Motion Picture,The Descendants,Nat Faxon,FALSE,M,19
2012,Best Screenplay - Motion Picture,The Ides of March,George Clooney,FALSE,M,20
2011,Best Director - Motion Picture,David Fincher,The Social Network,TRUE,M,1
2011,Best Director - Motion Picture,Christopher Nolan,Inception,FALSE,M,2
2011,Best Director - Motion Picture,Darren Aronofsky,Black Swan,FALSE,M,3
2011,Best Director - Motion Picture,David O. Russell,The Fighter,FALSE,M,4
2011,Best Director - Motion Picture,Tom Hooper,The King's Speech,FALSE,M,5
2011,Best Original Score - Motion Picture,The Social Network,Trent Reznor,TRUE,M,6
2011,Best Original Score - Motion Picture,127 Hours,A.R. Rahman,FALSE,M,7
2011,Best Original Score - Motion Picture,Alice in Wonderland,Danny Elfman,FALSE,M,8
2011,Best Original Score - Motion Picture,Inception,Hans Zimmer,FALSE,M,9
2011,Best Original Score - Motion Picture,The King's Speech,Alexandre Desplat,FALSE,M,10
2011,Best Original Song - Motion Picture,Burlesque,Diane Warren,TRUE,M,11
2011,Best Original Song - Motion Picture,Burlesque,Christina Aguilera,FALSE,F,12
2011,Best Original Song - Motion Picture,Country Strong,Bob DiPiero,FALSE,M,13
2011,Best Original Song - Motion Picture,Tangled,Alan Menken,FALSE,M,14
2011,Best Original Song - Motion Picture,The Chronicles of Narnia: The Voyage of the Dawn Treader,David Hodges,FALSE,M,15
2011,Best Screenplay - Motion Picture,The Social Network,Aaron Sorkin,TRUE,M,16
2011,Best Screenplay - Motion Picture,127 Hours,Danny Boyle,FALSE,M,17
2011,Best Screenplay - Motion Picture,Inception,Christopher Nolan,FALSE,M,18
2011,Best Screenplay - Motion Picture,The Kids Are All Right,Stuart Blumberg,FALSE,M,19
2011,Best Screenplay - Motion Picture,The King's Speech,David Seidler,FALSE,M,20
2010,Best Director - Motion Picture,James Cameron,Avatar,TRUE,M,1
2010,Best Director - Motion Picture,Clint Eastwood,Invictus,FALSE,M,2
2010,Best Director - Motion Picture,Jason Reitman,Up in the Air,FALSE,M,3
2010,Best Director - Motion Picture,Kathryn Bigelow,The Hurt Locker,FALSE,F,4
2010,Best Director - Motion Picture,Quentin Tarantino,Inglourious Basterds,FALSE,M,5
2010,Best Original Score - Motion Picture,Up,Michael Giacchino,TRUE,M,6
2010,Best Original Score - Motion Picture,A Single Man,Abel Korzeniowski,FALSE,M,7
2010,Best Original Score - Motion Picture,Avatar,James Horner,FALSE,M,8
2010,Best Original Score - Motion Picture,The Informant!,Marvin Hamlisch,FALSE,M,9
2010,Best Original Score - Motion Picture,Where the Wild Things Are,Carter Burwell,FALSE,M,10
2010,Best Original Song - Motion Picture,Crazy Heart,T Bone Burnett,TRUE,M,11
2010,Best Original Song - Motion Picture,Avatar,James Horner,FALSE,M,12
2010,Best Original Song - Motion Picture,Brothers,U2,FALSE,M,13
2010,Best Original Song - Motion Picture,Everybody's Fine,Paul McCartney,FALSE,M,14
2010,Best Original Song - Motion Picture,Nine,Maury Yeston,FALSE,M,15
2010,Best Screenplay - Motion Picture,Up in the Air,Jason Reitman,TRUE,M,16
2010,Best Screenplay - Motion Picture,District 9,Neill Blomkamp,FALSE,M,17
2010,Best Screenplay - Motion Picture,Inglourious Basterds,Quentin Tarantino,FALSE,M,18
2010,Best Screenplay - Motion Picture,It's Complicated,Nancy Meyers,FALSE,F,19
2010,Best Screenplay - Motion Picture,The Hurt Locker,Mark Boal,FALSE,M,20
2009,Best Director - Motion Picture,Danny Boyle,Slumdog Millionaire,TRUE,M,1
2009,Best Director - Motion Picture,David Fincher,The Curious Case of Benjamin Button,FALSE,M,2
2009,Best Director - Motion Picture,Ron Howard,Frost/Nixon,FALSE,M,3
2009,Best Director - Motion Picture,Sam Mendes,Revolutionary Road,FALSE,M,4
2009,Best Director - Motion Picture,Stephen Daldry,The Reader,FALSE,M,5
2009,Best Original Score - Motion Picture,Slumdog Millionaire,A.R. Rahman,TRUE,M,6
2009,Best Original Score - Motion Picture,Changeling,Clint Eastwood,FALSE,M,7
2009,Best Original Score - Motion Picture,Defiance,James Newton Howard,FALSE,M,8
2009,Best Original Score - Motion Picture,Frost/Nixon,Hans Zimmer,FALSE,M,9
2009,Best Original Score - Motion Picture,The Curious Case of Benjamin Button,Alexandre Desplat,FALSE,M,10
2009,Best Original Song - Motion Picture,The Wrestler,Bruce Springsteen,TRUE,M,11
2009,Best Original Song - Motion Picture,Bolt,Miley Cyrus,FALSE,F,12
2009,Best Original Song - Motion Picture,Cadillac Records,Beyonce,FALSE,M,13
2009,Best Original Song - Motion Picture,Gran Torino,Clint Eastwood,FALSE,M,14
2009,Best Original Song - Motion Picture,WALLÃ‚Â·E,Peter Gabriel,FALSE,M,15
2009,Best Screenplay - Motion Picture,Slumdog Millionaire,Simon Beaufoy,TRUE,M,16
2009,Best Screenplay - Motion Picture,Doubt,John Patrick Shanley,FALSE,M,17
2009,Best Screenplay - Motion Picture,Frost/Nixon,Peter Morgan,FALSE,M,18
2009,Best Screenplay - Motion Picture,The Curious Case of Benjamin Button,Eric Roth,FALSE,M,19
2009,Best Screenplay - Motion Picture,The Reader,David Hare,FALSE,M,20
2008,Best Director - Motion Picture,Julian Schnabel,The Diving Bell and the Butterfly,TRUE,M,1
2008,Best Director - Motion Picture,Ethan Coen,No Country for Old Men,FALSE,M,2
2008,Best Director - Motion Picture,Joe Wright,Atonement,FALSE,M,3
2008,Best Director - Motion Picture,Ridley Scott,American Gangster,FALSE,M,4
2008,Best Director - Motion Picture,Tim Burton,Sweeney Todd: The Demon Barber of Fleet Street,FALSE,M,5
2008,Best Original Score - Motion Picture,Atonement,Dario Marianelli,TRUE,M,6
2008,Best Original Score - Motion Picture,Eastern Promises,Howard Shore,FALSE,M,7
2008,Best Original Score - Motion Picture,Grace Is Gone,Clint Eastwood,FALSE,M,8
2008,Best Original Score - Motion Picture,Into the Wild,Michael Brook,FALSE,M,9
2008,Best Original Score - Motion Picture,The Kite Runner,Alberto Iglesias,FALSE,M,10
2008,Best Original Song - Motion Picture,Into the Wild,Eddie Vedder,TRUE,M,11
2008,Best Original Song - Motion Picture,Enchanted,Alan Menken,FALSE,M,12
2008,Best Original Song - Motion Picture,Grace Is Gone,Clint Eastwood,FALSE,M,13
2008,Best Original Song - Motion Picture,Love in the Time of Cholera,Antonio Pinto,FALSE,M,14
2008,Best Original Song - Motion Picture,Walk Hard: The Dewey Cox Story,Marshall Crenshaw,FALSE,M,15
2008,Best Screenplay - Motion Picture,No Country for Old Men,Joel Coen,TRUE,M,16
2008,Best Screenplay - Motion Picture,Atonement,Christopher Hampton,FALSE,M,17
2008,Best Screenplay - Motion Picture,Charlie Wilson's War,Aaron Sorkin,FALSE,M,18
2008,Best Screenplay - Motion Picture,Juno,Diablo Cody,FALSE,M,19
2008,Best Screenplay - Motion Picture,The Diving Bell and the Butterfly,Ronald Harwood,FALSE,M,20
2007,Best Director - Motion Picture,Martin Scorsese,The Departed,TRUE,M,1
2007,Best Director - Motion Picture,Alejandro G. IÃƒÂ±ÃƒÂ¡rritu,Babel,FALSE,M,2
2007,Best Director - Motion Picture,Clint Eastwood,Letters from Iwo Jima,FALSE,M,3
2007,Best Director - Motion Picture,Clint Eastwood,Flags of Our Fathers,FALSE,M,4
2007,Best Director - Motion Picture,Stephen Frears,The Queen,FALSE,M,5
2007,Best Original Score - Motion Picture,The Painted Veil,Alexandre Desplat,TRUE,M,6
2007,Best Original Score - Motion Picture,Babel,Gustavo Santaolalla,FALSE,M,7
2007,Best Original Score - Motion Picture,Nomad: The Warrior,Carlo Siliotto,FALSE,M,8
2007,Best Original Score - Motion Picture,The Da Vinci Code,Hans Zimmer,FALSE,M,9
2007,Best Original Score - Motion Picture,The Fountain,Clint Mansell,FALSE,M,10
2007,Best Original Song - Motion Picture,Happy Feet,Prince,TRUE,M,11
2007,Best Original Song - Motion Picture,Bobby,Bryan Adams,FALSE,M,12
2007,Best Original Song - Motion Picture,Dreamgirls,BeyoncÃƒÂ©,FALSE,F,13
2007,Best Original Song - Motion Picture,Home of the Brave,Sheryl Crow,FALSE,M,14
2007,Best Original Song - Motion Picture,The Pursuit of Happyness,Seal,FALSE,M,15
2007,Best Screenplay - Motion Picture,The Queen,Peter Morgan,TRUE,M,16
2007,Best Screenplay - Motion Picture,Babel,Guillermo Arriaga,FALSE,M,17
2007,Best Screenplay - Motion Picture,Little Children,Todd Field,FALSE,M,18
2007,Best Screenplay - Motion Picture,Notes on a Scandal,Patrick Marber,FALSE,M,19
2007,Best Screenplay - Motion Picture,The Departed,William Monahan,FALSE,M,20
2006,Best Director - Motion Picture,Ang Lee,Brokeback Mountain,TRUE,M,1
2006,Best Director - Motion Picture,Fernando Meirelles,The Constant Gardener,FALSE,M,2
2006,Best Director - Motion Picture,George Clooney,"Good Night, and Good Luck.",FALSE,M,3
2006,Best Director - Motion Picture,Peter Jackson,King Kong,FALSE,M,4
2006,Best Director - Motion Picture,Steven Spielberg,Munich,FALSE,M,5
2006,Best Original Score - Motion Picture,Memoirs of a Geisha,John Williams,TRUE,M,6
2006,Best Original Score - Motion Picture,Brokeback Mountain,Gustavo Santaolalla,FALSE,M,7
2006,Best Original Score - Motion Picture,King Kong,James Newton Howard,FALSE,M,8
2006,Best Original Score - Motion Picture,Syriana,Alexandre Desplat,FALSE,M,9
2006,Best Original Score - Motion Picture,"The Chronicles of Narnia: The Lion, the Witch and the Wardrobe",Harry Gregson-Williams,FALSE,M,10
2006,Best Original Song - Motion Picture,Brokeback Mountain,Gustavo Santaolalla,TRUE,M,11
2006,Best Original Song - Motion Picture,Christmas in Love,Tony Renis,FALSE,M,12
2006,Best Original Song - Motion Picture,"The Chronicles of Narnia: The Lion, the Witch and the Wardrobe",Alanis Morissette,FALSE,F,13
2006,Best Original Song - Motion Picture,The Producers,Mel Brooks,FALSE,M,14
2006,Best Original Song - Motion Picture,Transamerica,Dolly Parton,FALSE,F,15
2006,Best Screenplay - Motion Picture,Brokeback Mountain,Larry McMurtry,TRUE,M,16
2006,Best Screenplay - Motion Picture,Crash,Paul Haggis,FALSE,M,17
2006,Best Screenplay - Motion Picture,"Good Night, and Good Luck.",George Clooney,FALSE,M,18
2006,Best Screenplay - Motion Picture,Match Point,Woody Allen,FALSE,M,19
2006,Best Screenplay - Motion Picture,Munich,Tony Kushner,FALSE,M,20
2005,Best Director - Motion Picture,Clint Eastwood,Million Dollar Baby,TRUE,M,1
2005,Best Director - Motion Picture,Alexander Payne,Sideways,FALSE,M,2
2005,Best Director - Motion Picture,Marc Forster,Finding Neverland,FALSE,M,3
2005,Best Director - Motion Picture,Martin Scorsese,The Aviator,FALSE,M,4
2005,Best Director - Motion Picture,Mike Nichols,Closer,FALSE,M,5
2005,Best Original Score - Motion Picture,The Aviator,Howard Shore,TRUE,M,6
2005,Best Original Score - Motion Picture,Finding Neverland,Jan A.P. Kaczmarek,FALSE,M,7
2005,Best Original Score - Motion Picture,Million Dollar Baby,Clint Eastwood,FALSE,M,8
2005,Best Original Score - Motion Picture,Sideways,Rolfe Kent,FALSE,M,9
2005,Best Original Score - Motion Picture,Spanglish,Hans Zimmer,FALSE,M,10
2005,Best Original Song - Motion Picture,Alfie,Mick Jagger,TRUE,M,11
2005,Best Original Song - Motion Picture,Hotel Rwanda,Wyclef Jean,FALSE,M,12
2005,Best Original Song - Motion Picture,Shrek 2,Adam Duritz,FALSE,M,13
2005,Best Original Song - Motion Picture,The Phantom of the Opera,Andrew Lloyd Webber,FALSE,M,14
2005,Best Original Song - Motion Picture,The Polar Express,Glen Ballard,FALSE,M,15
2005,Best Screenplay - Motion Picture,Sideways,Alexander Payne,TRUE,M,16
2005,Best Screenplay - Motion Picture,Closer,Patrick Marber,FALSE,M,17
2005,Best Screenplay - Motion Picture,Eternal Sunshine of the Spotless Mind,Charlie Kaufman,FALSE,M,18
2005,Best Screenplay - Motion Picture,Finding Neverland,David Magee,FALSE,M,19
2005,Best Screenplay - Motion Picture,The Aviator,John Logan,FALSE,M,20
2004,Best Director - Motion Picture,Peter Jackson,The Lord of the Rings: The Return of the King,TRUE,M,1
2004,Best Director - Motion Picture,Anthony Minghella,Cold Mountain,FALSE,M,2
2004,Best Director - Motion Picture,Clint Eastwood,Mystic River,FALSE,M,3
2004,Best Director - Motion Picture,Peter Weir,Master and Commander: The Far Side of the World,FALSE,M,4
2004,Best Director - Motion Picture,Sofia Coppola,Lost in Translation,FALSE,F,5
2004,Best Original Score - Motion Picture,The Lord of the Rings: The Return of the King,Howard Shore,TRUE,M,6
2004,Best Original Score - Motion Picture,Big Fish,Danny Elfman,FALSE,M,7
2004,Best Original Score - Motion Picture,Cold Mountain,Gabriel Yared,FALSE,M,8
2004,Best Original Score - Motion Picture,Girl with a Pearl Earring,Alexandre Desplat,FALSE,M,9
2004,Best Original Score - Motion Picture,The Last Samurai,Hans Zimmer,FALSE,M,10
2004,Best Original Song - Motion Picture,The Lord of the Rings: The Return of the King,Howard Shore,TRUE,M,11
2004,Best Original Song - Motion Picture,Big Fish,Eddie Vedder,FALSE,M,12
2004,Best Original Song - Motion Picture,Cold Mountain,Sting,FALSE,M,13
2004,Best Original Song - Motion Picture,In America,Bono,FALSE,M,14
2004,Best Original Song - Motion Picture,Mona Lisa Smile,Elton John,FALSE,M,15
2004,Best Screenplay - Motion Picture,Lost in Translation,Sofia Coppola,TRUE,F,16
2004,Best Screenplay - Motion Picture,Cold Mountain,Anthony Minghella,FALSE,M,17
2004,Best Screenplay - Motion Picture,In America,Jim Sheridan,FALSE,M,18
2004,Best Screenplay - Motion Picture,Love Actually,Richard Curtis,FALSE,M,19
2004,Best Screenplay - Motion Picture,Mystic River,Brian Helgeland,FALSE,M,20
2003,Best Director - Motion Picture,Martin Scorsese,Gangs of New York,TRUE,M,1
2003,Best Director - Motion Picture,Alexander Payne,About Schmidt,FALSE,M,2
2003,Best Director - Motion Picture,Peter Jackson,The Lord of the Rings: The Two Towers,FALSE,M,3
2003,Best Director - Motion Picture,Rob Marshall,Chicago,FALSE,M,4
2003,Best Director - Motion Picture,Spike Jonze,Adaptation.,FALSE,M,5
2003,Best Original Score - Motion Picture,Frida,Elliot Goldenthal,TRUE,M,6
2003,Best Original Score - Motion Picture,25th Hour,Terence Blanchard,FALSE,M,7
2003,Best Original Score - Motion Picture,Far from Heaven,Elmer Bernstein,FALSE,M,8
2003,Best Original Score - Motion Picture,Rabbit-Proof Fence,Peter Gabriel,FALSE,M,9
2003,Best Original Score - Motion Picture,The Hours,Philip Glass,FALSE,M,10
2003,Best Original Song - Motion Picture,Gangs of New York,Bono,TRUE,M,11
2003,Best Original Song - Motion Picture,8 Mile,Eminem,FALSE,M,12
2003,Best Original Song - Motion Picture,Die Another Day,Madonna,FALSE,F,13
2003,Best Original Song - Motion Picture,Spirit: Stallion of the Cimarron,Hans Zimmer,FALSE,M,14
2003,Best Original Song - Motion Picture,The Wild Thornberrys Movie,Paul Simon,FALSE,M,15
2003,Best Screenplay - Motion Picture,About Schmidt,Alexander Payne,TRUE,M,16
2003,Best Screenplay - Motion Picture,Adaptation.,Charlie Kaufman,FALSE,M,17
2003,Best Screenplay - Motion Picture,Chicago,Bill Condon,FALSE,M,18
2003,Best Screenplay - Motion Picture,Far from Heaven,Todd Haynes,FALSE,M,19
2003,Best Screenplay - Motion Picture,The Hours,David Hare,FALSE,M,20
2002,Best Director - Motion Picture,Robert Altman,Gosford Park,TRUE,M,1
2002,Best Director - Motion Picture,Baz Luhrmann,Moulin Rouge!,FALSE,M,2
2002,Best Director - Motion Picture,David Lynch,Mulholland Drive,FALSE,M,3
2002,Best Director - Motion Picture,Peter Jackson,The Lord of the Rings: The Fellowship of the Ring,FALSE,M,4
2002,Best Director - Motion Picture,Ron Howard,A Beautiful Mind,FALSE,M,5
2002,Best Original Score - Motion Picture,Moulin Rouge!,Craig Armstrong,TRUE,M,6
2002,Best Original Score - Motion Picture,A Beautiful Mind,James Horner,FALSE,M,7
2002,Best Original Score - Motion Picture,A.I. Artificial Intelligence,John Williams,FALSE,M,8
2002,Best Original Score - Motion Picture,Ali,Lisa Gerrard,FALSE,F,9
2002,Best Original Score - Motion Picture,Mulholland Drive,Angelo Badalamenti,FALSE,M,10
2002,Best Original Song - Motion Picture,Kate & Leopold,Sting,TRUE,M,11
2002,Best Original Song - Motion Picture,Moulin Rouge!,David Baerwald,FALSE,M,12
2002,Best Original Song - Motion Picture,Pearl Harbor,Diane Warren,FALSE,M,13
2002,Best Original Song - Motion Picture,The Lord of the Rings: The Fellowship of the Ring,Enya,FALSE,F,14
2002,Best Original Song - Motion Picture,Vanilla Sky,Paul McCartney,FALSE,M,15
2002,Best Screenplay - Motion Picture,A Beautiful Mind,Akiva Goldsman,TRUE,F,16
2002,Best Screenplay - Motion Picture,Gosford Park,Julian Fellowes,FALSE,M,17
2002,Best Screenplay - Motion Picture,Memento,Christopher Nolan,FALSE,M,18
2002,Best Screenplay - Motion Picture,Mulholland Drive,David Lynch,FALSE,M,19
2002,Best Screenplay - Motion Picture,The Man Who Wasn't There,Joel Coen,FALSE,M,20
2001,Best Director - Motion Picture,Ang Lee,"Crouching Tiger, Hidden Dragon",TRUE,M,1
2001,Best Director - Motion Picture,IstvÃƒÂ¡n SzabÃƒÂ_,Sunshine,FALSE,M,2
2001,Best Director - Motion Picture,Ridley Scott,Gladiator,FALSE,M,3
2001,Best Director - Motion Picture,Steven Soderbergh,Traffic,FALSE,M,4
2001,Best Director - Motion Picture,Steven Soderbergh,Erin Brockovich,FALSE,M,5
2001,Best Original Score - Motion Picture,Gladiator,Hans Zimmer,TRUE,M,6
2001,Best Original Score - Motion Picture,All the Pretty Horses,Marty Stuart,FALSE,M,7
2001,Best Original Score - Motion Picture,Chocolat,Rachel Portman,FALSE,F,8
2001,Best Original Score - Motion Picture,"Crouching Tiger, Hidden Dragon",Dun Tan,FALSE,M,9
2001,Best Original Score - Motion Picture,MalÃƒÂ¨na,Ennio Morricone,FALSE,M,10
2001,Best Original Song - Motion Picture,Wonder Boys,Bob Dylan,TRUE,M,11
2001,Best Original Song - Motion Picture,Dancer in the Dark,Bjork,FALSE,M,12
2001,Best Original Song - Motion Picture,Frequency,Garth Brooks,FALSE,M,13
2001,Best Original Song - Motion Picture,Miss Congeniality,Bosson,FALSE,M,14
2001,Best Original Song - Motion Picture,The Emperor's New Groove,Sting,FALSE,M,15
2001,Best Screenplay - Motion Picture,Traffic,Stephen Gaghan,TRUE,M,16
2001,Best Screenplay - Motion Picture,Almost Famous,Cameron Crowe,FALSE,M,17
2001,Best Screenplay - Motion Picture,Quills,Doug Wright,FALSE,M,18
2001,Best Screenplay - Motion Picture,Wonder Boys,Steve Kloves,FALSE,M,19
2001,Best Screenplay - Motion Picture,You Can Count on Me,Kenneth Lonergan,FALSE,M,20
2000,Best Director - Motion Picture,Sam Mendes,American Beauty,TRUE,M,1
2000,Best Director - Motion Picture,Anthony Minghella,The Talented Mr. Ripley,FALSE,M,2
2000,Best Director - Motion Picture,Michael Mann,The Insider,FALSE,M,3
2000,Best Director - Motion Picture,Neil Jordan,The End of the Affair,FALSE,M,4
2000,Best Director - Motion Picture,Norman Jewison,The Hurricane,FALSE,M,5
2000,Best Original Score - Motion Picture,The Legend of 1900,Ennio Morricone,TRUE,M,6
2000,Best Original Score - Motion Picture,American Beauty,Thomas Newman,FALSE,M,7
2000,Best Original Score - Motion Picture,Angela's Ashes,John Williams,FALSE,M,8
2000,Best Original Score - Motion Picture,Anna and the King,George Fenton,FALSE,M,9
2000,Best Original Score - Motion Picture,Eyes Wide Shut,Jocelyn Pook,FALSE,F,10
2000,Best Original Song - Motion Picture,Tarzan,Phil Collins,TRUE,M,11
2000,Best Original Song - Motion Picture,Anna and the King,Kenneth 'Babyface' Edmonds,FALSE,M,12
2000,Best Original Song - Motion Picture,Austin Powers: The Spy Who Shagged Me,Madonna,FALSE,F,13
2000,Best Original Song - Motion Picture,Magnolia,Aimee Mann,FALSE,F,14
2000,Best Original Song - Motion Picture,Toy Story 2,Randy Newman,FALSE,M,15
2000,Best Screenplay - Motion Picture,American Beauty,Alan Ball,TRUE,M,16
2000,Best Screenplay - Motion Picture,Being John Malkovich,Charlie Kaufman,FALSE,M,17
2000,Best Screenplay - Motion Picture,The Cider House Rules,John Irving,FALSE,M,18
2000,Best Screenplay - Motion Picture,The Insider,Eric Roth,FALSE,M,19
2000,Best Screenplay - Motion Picture,The Sixth Sense,M. Night Shyamalan,FALSE,M,20
1999,Best Director - Motion Picture,Steven Spielberg,Saving Private Ryan,TRUE,M,1
1999,Best Director - Motion Picture,John Madden,Shakespeare in Love,FALSE,M,2
1999,Best Director - Motion Picture,Peter Weir,The Truman Show,FALSE,M,3
1999,Best Director - Motion Picture,Robert Redford,The Horse Whisperer,FALSE,M,4
1999,Best Director - Motion Picture,Shekhar Kapur,Elizabeth,FALSE,M,5
1999,Best Original Score - Motion Picture,The Truman Show,Burkhard von Dallwitz,TRUE,M,6
1999,Best Original Score - Motion Picture,A Bug's Life,Randy Newman,FALSE,M,7
1999,Best Original Score - Motion Picture,Mulan,Jerry Goldsmith,FALSE,M,8
1999,Best Original Score - Motion Picture,Saving Private Ryan,John Williams,FALSE,M,9
1999,Best Original Score - Motion Picture,The Prince of Egypt,Stephen Schwartz,FALSE,M,10
1999,Best Original Song - Motion Picture,The Magic Sword: Quest for Camelot,David Foster,TRUE,M,11
1999,Best Original Song - Motion Picture,City of Angels,Alanis Morissette,FALSE,F,12
1999,Best Original Song - Motion Picture,Mulan,Matthew Wilder,FALSE,M,13
1999,Best Original Song - Motion Picture,Still Crazy,Mick Jones,FALSE,M,14
1999,Best Original Song - Motion Picture,The Mighty,Sting,FALSE,M,15
1999,Best Screenplay - Motion Picture,Shakespeare in Love,Marc Norman,TRUE,M,16
1999,Best Screenplay - Motion Picture,Bulworth,Warren Beatty,FALSE,M,17
1999,Best Screenplay - Motion Picture,Happiness,Todd Solondz,FALSE,M,18
1999,Best Screenplay - Motion Picture,Saving Private Ryan,Robert Rodat,FALSE,M,19
1999,Best Screenplay - Motion Picture,The Truman Show,Andrew Niccol,FALSE,M,20
1998,Best Director - Motion Picture,James Cameron,Titanic,TRUE,M,1
1998,Best Director - Motion Picture,Curtis Hanson,L.A. Confidential,FALSE,M,2
1998,Best Director - Motion Picture,James L. Brooks,As Good as It Gets,FALSE,M,3
1998,Best Director - Motion Picture,Jim Sheridan,The Boxer,FALSE,M,4
1998,Best Director - Motion Picture,Steven Spielberg,Amistad,FALSE,M,5
1998,Best Original Score - Motion Picture,Titanic,James Horner,TRUE,M,6
1998,Best Original Score - Motion Picture,Gattaca,Michael Nyman,FALSE,M,7
1998,Best Original Score - Motion Picture,Kundun,Philip Glass,FALSE,M,8
1998,Best Original Score - Motion Picture,L.A. Confidential,Jerry Goldsmith,FALSE,M,9
1998,Best Original Score - Motion Picture,Seven Years in Tibet,John Williams,FALSE,M,10
1998,Best Original Song - Motion Picture,Titanic,James Horner,TRUE,M,11
1998,Best Original Song - Motion Picture,Anastasia,Stephen Flaherty,FALSE,M,12
1998,Best Original Song - Motion Picture,Anastasia,Stephen Flaherty,FALSE,M,13
1998,Best Original Song - Motion Picture,Hercules,Alan Menken,FALSE,M,14
1998,Best Original Song - Motion Picture,Tomorrow Never Dies,Sheryl Crow,FALSE,F,15
1998,Best Screenplay - Motion Picture,Good Will Hunting,Matt Damon,TRUE,M,16
1998,Best Screenplay - Motion Picture,As Good as It Gets,Mark Andrus,FALSE,M,17
1998,Best Screenplay - Motion Picture,L.A. Confidential,Brian Helgeland,FALSE,M,18
1998,Best Screenplay - Motion Picture,Titanic,James Cameron,FALSE,M,19
1998,Best Screenplay - Motion Picture,Wag the Dog,Hilary Henkin,FALSE,F,20
1997,Best Director - Motion Picture,Milos Forman,The People vs. Larry Flynt,TRUE,M,1
1997,Best Director - Motion Picture,Alan Parker,Evita,FALSE,M,2
1997,Best Director - Motion Picture,Anthony Minghella,The English Patient,FALSE,M,3
1997,Best Director - Motion Picture,Joel Coen,Fargo,FALSE,M,4
1997,Best Director - Motion Picture,Scott Hicks,Shine,FALSE,M,5
1997,Best Original Score - Motion Picture,The English Patient,Gabriel Yared,TRUE,M,6
1997,Best Original Score - Motion Picture,Michael Collins,Elliot Goldenthal,FALSE,M,7
1997,Best Original Score - Motion Picture,Shine,David Hirschfelder,FALSE,M,8
1997,Best Original Score - Motion Picture,The Hunchback of Notre Dame,Alan Menken,FALSE,M,9
1997,Best Original Score - Motion Picture,The Mirror Has Two Faces,Marvin Hamlisch,FALSE,M,10
1997,Best Original Song - Motion Picture,Evita,Andrew Lloyd Webber,TRUE,M,11
1997,Best Original Song - Motion Picture,One Fine Day,James Newton Howard,FALSE,M,12
1997,Best Original Song - Motion Picture,That Thing You Do!,Adam Schlesinger,FALSE,M,13
1997,Best Original Song - Motion Picture,The Mirror Has Two Faces,Barbra Streisand,FALSE,F,14
1997,Best Original Song - Motion Picture,Up Close & Personal,Diane Warren,FALSE,F,15
1997,Best Screenplay - Motion Picture,The People vs. Larry Flynt,Scott Alexander,TRUE,M,16
1997,Best Screenplay - Motion Picture,Fargo,Ethan Coen,FALSE,M,17
1997,Best Screenplay - Motion Picture,Lone Star,John Sayles,FALSE,M,18
1997,Best Screenplay - Motion Picture,Shine,Jan Sardi,FALSE,F,19
1997,Best Screenplay - Motion Picture,The English Patient,Anthony Minghella,FALSE,M,20
1996,Best Director - Motion Picture,Mel Gibson,Braveheart,TRUE,M,1
1996,Best Director - Motion Picture,Ang Lee,Sense and Sensibility,FALSE,M,2
1996,Best Director - Motion Picture,Martin Scorsese,Casino,FALSE,M,3
1996,Best Director - Motion Picture,Mike Figgis,Leaving Las Vegas,FALSE,M,4
1996,Best Director - Motion Picture,Rob Reiner,The American President,FALSE,M,5
1996,Best Original Score - Motion Picture,A Walk in the Clouds,Maurice Jarre,TRUE,M,6
1996,Best Original Score - Motion Picture,Braveheart,James Horner,FALSE,M,7
1996,Best Original Score - Motion Picture,Don Juan DeMarco,Michael Kamen,FALSE,M,8
1996,Best Original Score - Motion Picture,Pocahontas,Alan Menken,FALSE,M,9
1996,Best Original Score - Motion Picture,Sense and Sensibility,Patrick Doyle,FALSE,M,10
1996,Best Original Song - Motion Picture,Pocahontas,Alan Menken,TRUE,M,11
1996,Best Original Song - Motion Picture,Batman Forever,Adam Clayton,FALSE,M,12
1996,Best Original Song - Motion Picture,Don Juan DeMarco,Michael Kamen,FALSE,M,13
1996,Best Original Song - Motion Picture,Sabrina,John Williams,FALSE,M,14
1996,Best Original Song - Motion Picture,Toy Story,Randy Newman,FALSE,M,15
1996,Best Screenplay - Motion Picture,Sense and Sensibility,Emma Thompson,TRUE,F,16
1996,Best Screenplay - Motion Picture,Braveheart,Randall Wallace,FALSE,M,17
1996,Best Screenplay - Motion Picture,Dead Man Walking,Tim Robbins,FALSE,M,18
1996,Best Screenplay - Motion Picture,Get Shorty,Scott Frank,FALSE,M,19
1996,Best Screenplay - Motion Picture,Mr. Holland's Opus,Patrick Sheane Duncan,FALSE,M,20
1995,Best Director - Motion Picture,Robert Zemeckis,Forrest Gump,TRUE,M,1
1995,Best Director - Motion Picture,Edward Zwick,Legends of the Fall,FALSE,M,2
1995,Best Director - Motion Picture,Oliver Stone,Natural Born Killers,FALSE,M,3
1995,Best Director - Motion Picture,Quentin Tarantino,Pulp Fiction,FALSE,M,4
1995,Best Director - Motion Picture,Robert Redford,Quiz Show,FALSE,M,5
1995,Best Original Score - Motion Picture,The Lion King,Hans Zimmer,TRUE,M,6
1995,Best Original Score - Motion Picture,Forrest Gump,Alan Silvestri,FALSE,M,7
1995,Best Original Score - Motion Picture,Interview with the Vampire: The Vampire Chronicles,Elliot Goldenthal,FALSE,M,8
1995,Best Original Score - Motion Picture,Legends of the Fall,James Horner,FALSE,M,9
1995,Best Original Score - Motion Picture,Nell,Mark Isham,FALSE,M,10
1995,Best Original Song - Motion Picture,The Lion King,Elton John,TRUE,M,11
1995,Best Original Song - Motion Picture,Color of Night,Jud Friedman,FALSE,M,12
1995,Best Original Song - Motion Picture,Junior,Carole Bayer Sager,FALSE,F,13
1995,Best Original Song - Motion Picture,The Lion King,Elton John,FALSE,M,14
1995,Best Original Song - Motion Picture,The Swan Princess,Lex de Azevedo,FALSE,M,15
1995,Best Screenplay - Motion Picture,Pulp Fiction,Quentin Tarantino,TRUE,M,16
1995,Best Screenplay - Motion Picture,Forrest Gump,Eric Roth,FALSE,M,17
1995,Best Screenplay - Motion Picture,Four Weddings and a Funeral,Richard Curtis,FALSE,M,18
1995,Best Screenplay - Motion Picture,Quiz Show,Paul Attanasio,FALSE,M,19
1995,Best Screenplay - Motion Picture,The Shawshank Redemption,Frank Darabont,FALSE,M,20
,,,,,,
,,,,,,
,,,,,,
,,,,,,
,,,,,,
,,,,,,
,,,,,,
,,,,,,
,,,,,,
,,,,,,
,,,,,,
,,,,,,
,,,,,,
,,,,,,
,,,,,,
,,,,,,
,,,,,,
,,,,,,
,,,,,,
,,,,,,